full_title,job_nature
Data Scientist,Scientist
Data Science Manager,Lead
Business Intelligence Engineer,Engineer
Data Architect,Engineer
Data Analyst,Analyst
ML Engineer,Engineer
Data Modeler,Modeler
Machine Learning Engineer,Engineer
Data Integration Specialist,Specialist
Research Scientist,Scientist
Data Engineer,Engineer
Data Product Manager,Lead
Data Manager,Lead
Data Visualization Specialist,Specialist
Data Specialist,Specialist
Business Intelligence Lead,Lead
Research Analyst,Analyst
Business Intelligence Analyst,Analyst
AI Engineer,Engineer
AI Software Engineer,Engineer
Machine Learning Scientist,Scientist
Data Science Engineer,Engineer
Applied Scientist,Scientist
Machine Learning Operations Engineer,Engineer
Analytics Engineer,Engineer
Data Management Analyst,Analyst
Encounter Data Management Professional,Professional
Data Analytics Specialist,Specialist
Head of Data,Lead
Data Analytics Lead,Lead
Research Engineer,Engineer
AI Scientist,Scientist
Business Intelligence Developer,Developer
Machine Learning Developer,Developer
Data Management Specialist,Specialist
Data Infrastructure Engineer,Engineer
BI Developer,Developer
Admin & Data Analyst,Analyst
Insight Analyst,Analyst
Consultant Data Engineer,Engineer
Business Intelligence Manager,Lead
Manager Data Management,Lead
Data Quality Manager,Lead
Data Analytics Manager,Lead
Robotics Engineer,Engineer
Business Intelligence Specialist,Specialist
Data Operations Analyst,Analyst
Director of Business Intelligence,Lead
Data Product Owner,Owner
Data Operations Manager,Lead
AI Research Scientist,Scientist
Data Operations Specialist,Operations
Data Science Consultant,Consultant
Data Lead,Lead
Data Operations Associate,Operations
AI Architect,Engineer
Lead Data Scientist,Lead
MLOps Engineer,Engineer
BI Analyst,Analyst
Applied Research Scientist,Scientist
Prompt Engineer,Engineer
Data Integration Engineer,Engineer
Machine Learning Infrastructure Engineer,Engineer
Data Developer,Developer
CRM Data Analyst,Analyst
ETL Developer,Developer
Cloud Database Engineer,Engineer
Data Science Analyst,Analyst
BI Data Analyst,Analyst
Applied Data Scientist,Scientist
Data Quality Engineer,Engineer
Computational Biologist,Biologist
Big Data Engineer,Engineer
Data Analytics Associate,Associate
Data Reporting Analyst,Analyst
Data Management Consultant,Consultant
Data Quality Analyst,Analyst
Robotics Software Engineer,Engineer
Machine Learning Researcher,Researcher
Data DevOps Engineer,Engineer
Data Science Director,Lead
Data Strategist,Strategist
Big Data Developer,Developer
Quantitative Research Analyst,Analyst
Lead Machine Learning Engineer,Lead
Machine Learning Research Engineer,Engineer
Data Analytics Consultant,Consultant
AI Research Engineer,Engineer
AI Programmer,Programmer
ETL Engineer,Engineer
AI Product Manager,Lead
AI Developer,Developer
Computer Vision Engineer,Engineer
Head of Machine Learning,Lead
Data Analyst Lead,Lead
Data Integration Developer,Developer
ML Ops Engineer,Engineer
Data Pipeline Engineer,Engineer
Lead Data Analyst,Lead
Data Science Lead,Lead
Director of Data Science,Lead
Managing Director Data Science,Lead
Business Data Analyst,Analyst
NLP Engineer,Engineer
Marketing Data Scientist,Scientist
Deep Learning Engineer,Engineer
Machine Learning Modeler,Modeler
Decision Scientist,Scientist
Financial Data Analyst,Analyst
Data Strategy Manager,Lead
Data Visualization Engineer,Engineer
Azure Data Engineer,Engineer
Principal Data Scientist,Lead
Staff Data Analyst,Analyst
Machine Learning Software Engineer,Engineer
Applied Machine Learning Scientist,Scientist
Data Operations Engineer,Engineer
Machine Learning Manager,Lead
Principal Machine Learning Engineer,Lead
Principal Data Engineer,Lead
Power BI Developer,Developer
Head of Data Science,Lead
Staff Machine Learning Engineer,Engineer
Staff Data Scientist,Scientist
Machine Learning Specialist,Specialist
Business Intelligence Data Analyst,Analyst
Finance Data Analyst,Analyst
Software Data Engineer,Engineer
Compliance Data Analyst,Analyst
Cloud Data Engineer,Engineer
Analytics Engineering Manager,Lead
AWS Data Architect,Engineer
Product Data Analyst,Analyst
Data Visualization Analyst,Analyst
Autonomous Vehicle Technician,Engineer
Sales Data Analyst,Analyst
Applied Machine Learning Engineer,Engineer
BI Data Engineer,Engineer
Deep Learning Researcher,Researcher
Big Data Architect,Engineer
Computer Vision Software Engineer,Engineer
Marketing Data Engineer,Engineer
Data Science Tech Lead,Lead
Data Scientist Lead,Lead
Marketing Data Analyst,Analyst
Principal Data Architect,Lead
Data Analytics Engineer,Engineer
Cloud Data Architect,Engineer
Lead Data Engineer,Lead
Principal Data Analyst,Lead
